{"loss": [0.5752943754196167, 0.48645609617233276, 0.46620655059814453, 0.423210471868515, 0.3811367154121399, 0.3551201820373535, 0.3450675904750824, 0.3342445492744446, 0.32184070348739624, 0.3071587383747101, 0.30033934116363525, 0.29475948214530945, 0.28110966086387634, 0.2714798152446747, 0.24387717247009277, 0.22909221053123474, 0.21693140268325806, 0.21790273487567902, 0.19905270636081696, 0.19861672818660736], "acc": [0.7409892678260803, 0.7425230145454407, 0.7421395778656006, 0.769363522529602, 0.8157591819763184, 0.8414493799209595, 0.8475843667984009, 0.8539110422134399, 0.8537193536758423, 0.8594708442687988, 0.8629217743873596, 0.8659892678260803, 0.8755751252174377, 0.8824769854545593, 0.8970475196838379, 0.9072085618972778, 0.9100843667984009, 0.9116181135177612, 0.9215874075889587, 0.9196702241897583], "val_loss": [0.629621148109436, 0.7347609400749207, 0.7128779292106628, 0.6784617304801941, 0.818435788154602, 0.8608697056770325, 0.9461978077888489, 0.6390457153320312, 0.7049176096916199, 0.627110481262207, 0.7085326313972473, 0.6588156819343567, 0.7366625666618347, 0.8749527335166931, 0.8973864316940308, 0.8220634460449219, 0.6622993350028992, 0.5860525965690613, 0.644256591796875, 0.6564421653747559], "val_acc": [0.625, 0.625, 0.625, 0.6858974099159241, 0.6746794581413269, 0.6907051205635071, 0.6698718070983887, 0.7275640964508057, 0.7371794581413269, 0.75, 0.7403846383094788, 0.7580128312110901, 0.754807710647583, 0.7115384340286255, 0.7083333134651184, 0.7467948794364929, 0.7916666865348816, 0.8028846383094788, 0.7628205418586731, 0.7740384340286255]}