{"loss": [0.41150954365730286, 0.22754023969173431, 0.19340844452381134, 0.17888662219047546, 0.15736426413059235, 0.1511644572019577, 0.1344539076089859, 0.11987124383449554, 0.11924570798873901, 0.1056002750992775, 0.10179294645786285, 0.09540794044733047, 0.07448369264602661, 0.07238708436489105, 0.07110503315925598, 0.06049109250307083, 0.06806483864784241, 0.05979456752538681, 0.0649593397974968, 0.04764441028237343], "acc": [0.8197852969169617, 0.9152607321739197, 0.9271472096443176, 0.9313650131225586, 0.9344325065612793, 0.9419094920158386, 0.9459356069564819, 0.9530291557312012, 0.9553297758102417, 0.95820552110672, 0.9595475196838379, 0.9601227045059204, 0.9712423086166382, 0.9718174934387207, 0.9718174934387207, 0.9760352969169617, 0.9745015501976013, 0.9781441688537598, 0.9718174934387207, 0.9829370975494385], "val_loss": [0.9247958064079285, 0.9649760723114014, 0.6737248301506042, 1.0396182537078857, 0.7034880518913269, 0.6768136024475098, 1.3365446329116821, 1.4058531522750854, 1.1757951974868774, 1.0138503313064575, 1.5789045095443726, 1.4363549947738647, 1.8851882219314575, 2.5216479301452637, 1.9889330863952637, 2.979619264602661, 1.8353676795959473, 1.8953757286071777, 3.300325870513916, 2.1294546127319336], "val_acc": [0.7307692170143127, 0.7099359035491943, 0.7323718070983887, 0.7003205418586731, 0.754807710647583, 0.7692307829856873, 0.7019230723381042, 0.7131410241127014, 0.7435897588729858, 0.7516025900840759, 0.7035256624221802, 0.7307692170143127, 0.7003205418586731, 0.6746794581413269, 0.7035256624221802, 0.6682692170143127, 0.6939102411270142, 0.7083333134651184, 0.6570512652397156, 0.7179487347602844]}